,feature_name,nlog_p_0,nlog_p_1
0,MFI:469,118.42534966720413,8.805940771527117
