,max_depth,n_estimators,max_samples,neg_mae
0,200,300,0.8,-0.21985084335526822
1,200,300,0.9,-0.22005589592315264
2,200,300,1.0,-0.22004001210195906
3,200,300,1.1,
